drugbank_id,rxcui
DB00001,237057
DB00002,318341
DB00003,337623
DB00004,214470
DB00005,214555
DB00006,60819
DB00007,42375
DB00008,120608
DB00009,8410
DB00010,56188
DB00011,202912
DB00012,283838
DB00013,11055
DB00014,50610
DB00015,76895
DB00016,105694;105695;2047589
DB00017,36118
DB00018,612937
DB00019,338036
DB00020,69634
DB00021,9627
DB00022,253453
DB00023,1156
DB00024,4952;10579
DB00025,1300486
DB00026,72435
DB00027,5011
DB00028,42386;1426680
DB00029,40028
DB00030,253182;631657
DB00031,259280
DB00032,
DB00033,5882
DB00034,5879
DB00035,3251;203658
DB00036,4256;253149;314620
DB00038,139994
DB00039,196319
DB00040,4832;261716
DB00041,70223
DB00042,860178
DB00043,302379
DB00044,388084
DB00045,54214
DB00046,86009;314684
DB00047,274783
DB00048,58939;898492
DB00049,283821
DB00050,68147
DB00051,327361
DB00052,61148
DB00053,84959
DB00054,83929
DB00055,352374
DB00056,1294580
DB00057,
DB00058,535;991743
DB00059,34132
DB00060,75917
DB00061,59768
DB00062,828529;1370439
DB00063,75635;288688
DB00065,191831;1790539;1927283
DB00066,25357;227518;386938
DB00067,11149
DB00068,72257;72258
DB00069,59744
DB00070,5464;486164
DB00071,221109;1309342
DB00072,224905
DB00073,121191
DB00074,196102
DB00075,42405
DB00076,1745257
DB00078,262323
DB00080,22299
DB00081,263010
DB00082,278739
DB00083,1712;860168;860189;1000104
DB00085,7880;235379;1427034
DB00086,10106
DB00087,117055
DB00088,46049
DB00089,136300
DB00090,392509
DB00091,3008
DB00092,299635
DB00093,4319
DB00094,134404
DB00095,356988
DB00097,283550
DB00098,107044;225741
DB00099,68442;1433764;1605064
DB00100,1300488
DB00102,115238
DB00103,259351;338817
DB00104,7617
DB00105,5880
DB00106,301739
DB00107,7824
DB00108,354770
DB00109,139896
DB00110,194279
DB00111,190353
DB00112,253337;2046138
DB00113,230435
DB00114,9004;1599827
DB00115,11248
DB00116,
DB00117,5340
DB00118,9504
DB00119,35161
DB00120,8156
DB00121,1588;314583
DB00122,2449
DB00123,6536
DB00125,1091
DB00126,1151;1370460
DB00127,1483263
DB00128,1169;42543
DB00129,7704;314709
DB00130,4885
DB00131,309
DB00132,52071
DB00133,9671
DB00134,6837
DB00135,10962
DB00136,1894
DB00137,11359
DB00138,3036
DB00139,37255;1307106
DB00140,9346
DB00141,1362871
DB00142,25916;70602
DB00143,4890
DB00144,89959
DB00145,4919
DB00146,1889;1855064
DB00147,9002
DB00148,2907
DB00149,6308
DB00150,10898
DB00151,3024
DB00152,10454
DB00153,4018
DB00154,
DB00155,2567
DB00156,10524
DB00157,7222
DB00158,4511;62356;202634
DB00159,90
DB00160,426
DB00161,11115
DB00162,1367187
DB00163,11256;237099
DB00165,42954;684879
DB00166,6417
DB00167,6033
DB00168,1311524
DB00169,2418
DB00170,6728
DB00171,318
DB00172,8737
DB00173,290
DB00174,1157
DB00175,42463
DB00176,42355
DB00177,69749
DB00178,35296;262418
DB00179,227239
DB00180,25120;1546428
DB00181,1292
DB00182,725
DB00183,7993
DB00184,7407;31765
DB00185,44281
DB00186,6470
DB00187,49737
DB00188,358258
DB00189,4118
DB00190,2019;1545982
DB00191,8152;221138
DB00192,
DB00193,10689
DB00194,11194
DB00195,1520
DB00196,4450
DB00197,72610
DB00198,260101
DB00199,4053
DB00200,5514
DB00201,1886
DB00202,10154
DB00203,136411
DB00204,49247
DB00205,9010
DB00206,9260
DB00207,18631
DB00208,10594
DB00209,236778
DB00210,60223;153184
DB00211,6963
DB00212,
DB00213,40790
DB00214,38413
DB00215,2556
DB00216,231049
DB00217,1523
DB00218,139462
DB00219,7818
DB00220,134527
DB00221,6023
DB00222,25789
DB00223,91311
DB00224,114289;1546024
DB00225,41144
DB00226,26296
DB00227,6472
DB00228,3920
DB00229,2188
DB00230,187832
DB00231,10355
DB00232,6860
DB00233,7833
DB00234,60842
DB00235,52769
DB00236,8347
DB00237,477631
DB00238,53654
DB00239,32638
DB00240,108088
DB00241,19860
DB00242,44157
DB00243,35829
DB00244,52582
DB00245,1424
DB00246,115698
DB00247,6911
DB00248,47579
DB00249,5653
DB00250,3108
DB00251,37806
DB00252,8183
DB00253,29439
DB00254,3640;1545992
DB00255,3390
DB00256,6513
DB00257,2623;202859
DB00258,214342
DB00259,10184
DB00260,3007
DB00261,596724
DB00262,2105;343027
DB00263,10207
DB00264,6918
DB00265,21766
DB00266,1598
DB00267,
DB00268,72302
DB00269,2397
DB00270,33910
DB00271,3319;1546223;1546451
DB00272,
DB00273,38404
DB00274,2182
DB00275,321064
DB00276,739
DB00277,10438;91178
DB00278,15202;1546207
DB00279,10814
DB00280,3541
DB00281,6387
DB00282,11473;1546406
DB00283,2578
DB00284,16681
DB00285,39786
DB00286,4099
DB00287,283809
DB00288,17652
DB00289,38400
DB00290,1622
DB00291,2346
DB00292,4177
DB00293,196239
DB00294,14584
DB00295,7052;32926
DB00296,35780
DB00297,1815
DB00298,22298
DB00299,59839
DB00300,300195
DB00301,4448
DB00302,10691
DB00303,325642
DB00304,22656
DB00305,632
DB00306,89810
DB00307,233272
DB00308,41289
DB00309,11204
DB00310,2409
DB00311,
DB00312,8004
DB00313,11118;40254
DB00314,78903
DB00315,135775
DB00316,161
DB00317,328134
DB00318,2670;235412;1545976
DB00319,8339;1546000
DB00320,3418
DB00321,704
DB00322,4488
DB00323,72937
DB00324,4491
DB00325,7476
DB00326,47618
DB00327,3423
DB00328,5781
DB00330,4110
DB00331,6809
DB00332,203212;1445143
DB00333,6813
DB00334,61381
DB00335,1202
DB00336,7455
DB00337,321952
DB00338,7646
DB00339,8987
DB00340,29682
DB00341,20610
DB00342,42330
DB00343,3443
DB00344,8886
DB00345,7832;42837
DB00346,17300
DB00347,10827
DB00348,61805
DB00349,21241
DB00350,6984;225702
DB00351,29451
DB00352,10485
DB00353,6883
DB00354,59636
DB00355,1272
DB00356,2410
DB00357,677
DB00358,6694
DB00359,10171
DB00360,753340
DB00361,39541
DB00362,341018
DB00363,2626
DB00364,10156
DB00365,83719
DB00366,3642
DB00367,6373
DB00368,7512
DB00369,83171;1546007
DB00370,15996
DB00371,6760
DB00372,10471
DB00373,10600;1546004
DB00374,343048
DB00375,2685
DB00376,1115;10811
DB00377,70561
DB00378,3706
DB00379,6926
DB00380,42736
DB00381,17767
DB00382,10318
DB00383,32698
DB00384,10763
DB00385,31435
DB00387,8718
DB00388,8163
DB00389,2020
DB00390,3407
DB00391,10239
DB00392,4134
DB00393,7426
DB00394,1348
DB00395,2101
DB00396,8727
DB00397,8175
DB00398,495881
DB00399,77655;1546014
DB00400,5021;91077
DB00401,7435
DB00402,461016
DB00403,
DB00404,596
DB00405,22696
DB00406,4778;1546369
DB00407,87866
DB00408,6475
DB00409,35350
DB00410,42372
DB00411,1999
DB00412,84108
DB00413,746741
DB00414,173
DB00415,733;221058
DB00416,203206
DB00417,7984
DB00418,9624
DB00419,402316
DB00420,8742
DB00421,9997
DB00422,6901
DB00423,6845
DB00424,153970
DB00425,39993
DB00426,68099
DB00427,10849
DB00428,10114
DB00429,2051;20259
DB00430,
DB00431,1388
DB00432,10803
DB00433,8704
DB00434,3013
DB00435,7442
DB00436,1369
DB00437,519
DB00438,2191;1545984
DB00439,596723
DB00440,10829
DB00441,12574
DB00442,306266;1546027
DB00443,1514
DB00444,10362
DB00445,3995
DB00446,2348
DB00447,28981
DB00448,17128
DB00449,23410
DB00450,3648
DB00451,10582
DB00452,4556
DB00453,21272
DB00454,6754
DB00455,28889
DB00456,2236
DB00457,8629
DB00458,5691
DB00459,16818
DB00460,118886
DB00461,31448
DB00462,56092
DB00463,6825
DB00464,9913
DB00465,35827
DB00466,
DB00467,3925
DB00468,9071
DB00469,37790
DB00470,10402
DB00471,88249
DB00472,4493
DB00473,26879
DB00474,6847
DB00475,2356
DB00476,72625
DB00477,2403
DB00478,9386
DB00479,641
DB00480,342369
DB00481,72143
DB00482,140587
DB00483,4639
DB00484,134615
DB00485,3356
DB00486,31447
DB00487,7960
DB00488,5296
DB00489,9947
DB00490,1827
DB00491,30009
DB00492,50166
DB00493,2186
DB00494,60307
DB00495,11413
DB00496,136198
DB00497,7804
DB00498,8130
DB00499,4508
DB00500,10636
DB00501,2541
DB00502,5093
DB00503,85762
DB00504,6370
DB00505,38617
DB00507,31819
DB00508,10805
DB00509,3292
DB00511,132871
DB00512,11124
DB00513,99
DB00514,3289
DB00515,2555
DB00516,134568
DB00517,17945
DB00518,430
DB00519,38454
DB00520,140108
DB00521,2116
DB00522,18896
DB00523,81864
DB00524,6916
DB00525,10637
DB00526,32592
DB00527,3339
DB00528,135056
DB00529,33562
DB00530,337525
DB00531,3002;1545988
DB00532,6757
DB00533,232158
DB00534,
DB00535,25037
DB00536,50675
DB00537,2551
DB00538,228833
DB00539,38409
DB00540,7531
DB00541,11202
DB00542,18867
DB00543,722
DB00544,4492
DB00545,9000;9001
DB00546,
DB00547,3255
DB00548,18602
DB00549,114970
DB00550,8794
DB00551,16728
DB00552,8011
DB00553,6854;227717
DB00554,8356;68115
DB00555,28439
DB00556,283753
DB00557,5553
DB00558,69722
DB00559,75207
DB00560,384455
DB00561,3637
DB00562,19008
DB00563,6851
DB00564,2002
DB00565,319864
DB00566,3446
DB00567,2231;1299782
DB00568,2549
DB00569,322154
DB00570,11198
DB00571,8787
DB00572,1223
DB00573,4331
DB00574,4328
DB00575,2599
DB00576,10179
DB00577,73645
DB00578,2015
DB00579,6664
DB00580,278567
DB00581,6218
DB00582,121243
DB00583,42955
DB00584,3827
DB00585,42319
DB00586,3355
DB00587,
DB00588,50121
DB00589,6446
DB00590,49276
DB00591,4461
DB00592,8340
DB00593,4135
DB00594,644
DB00595,7821;1545999
DB00596,41208
DB00597,25483
DB00598,6185
DB00599,10493;282416
DB00600,17145
DB00601,190376
DB00602,6069
DB00603,1000112
DB00604,35255
DB00605,10237
DB00606,22033
DB00607,7233
DB00608,2393
DB00609,4127
DB00610,6805
DB00611,1841
DB00612,19484
DB00613,720
DB00614,4601
DB00615,55672
DB00616,
DB00617,32894
DB00618,3154
DB00619,282388
DB00620,10759
DB00621,7779
DB00622,7396
DB00623,4496
DB00624,10379
DB00625,195085
DB00626,1291
DB00627,7393
DB00628,2353;235408
DB00629,5033
DB00630,46041;236083
DB00631,44151
DB00632,594680
DB00633,48937
DB00634,10169
DB00635,8640
DB00636,2594
DB00637,42328
DB00638,5924
DB00639,19884
DB00640,296
DB00641,36567
DB00642,68446
DB00643,6672
DB00644,6384
DB00645,23744
DB00646,7597
DB00647,8785
DB00648,7004
DB00649,59763
DB00650,6313
DB00651,3714
DB00652,8001
DB00653,6585;1311625
DB00654,43611
DB00655,4103
DB00656,10737
DB00657,6673
DB00658,214824
DB00659,82819
DB00660,59078
DB00661,11170
DB00662,38685
DB00663,4458
DB00664,10175
DB00665,31805
DB00666,28656
DB00668,3992
DB00669,37418;67158
DB00670,8352
DB00671,25033
DB00672,2404
DB00673,358255
DB00674,4637
DB00675,10324
DB00676,19044
DB00677,6027
DB00678,52175
DB00679,10502
DB00680,40169
DB00681,732;236594
DB00682,11289
DB00683,6960
DB00684,10627;220333
DB00685,115552
DB00686,155046
DB00687,4452
DB00688,68149
DB00689,
DB00690,4501
DB00691,30131
DB00692,8153;227240
DB00693,25138
DB00694,3109
DB00695,4603;202991
DB00696,4025
DB00697,57258
DB00698,7454;235559
DB00699,7398
DB00700,298869
DB00701,228656
DB00702,140480
DB00703,6826
DB00704,7243
DB00705,83816
DB00706,77492
DB00707,333848
DB00708,56795
DB00709,68244
DB00710,115264;115265
DB00711,3384
DB00712,4502
DB00713,7773
DB00714,1043
DB00715,32937
DB00716,31563
DB00717,7514
DB00718,141400
DB00719,18600
DB00720,3350
DB00721,7539;8701
DB00722,29046;1546022
DB00723,6853
DB00724,59943
DB00725,27085;1546413
DB00726,10834
DB00727,4917
DB00728,68139
DB00729,23364
DB00730,10450
DB00731,274332
DB00732,1219
DB00733,34345
DB00734,35636
DB00735,31476
DB00736,283742
DB00737,6676
DB00738,7994
DB00739,26797
DB00740,35623
DB00741,5492
DB00742,6628
DB00743,692620
DB00744,40575
DB00745,30125
DB00746,3131
DB00747,9601;9603
DB00748,20220
DB00749,24605
DB00750,8686
DB00751,39684
DB00752,10734
DB00753,6026
DB00754,4136
DB00755,10753
DB00756,5293
DB00757,68091
DB00758,32968
DB00759,10395
DB00760,29561;1546029
DB00761,8591
DB00762,51499
DB00763,6835
DB00764,108118
DB00765,266604
DB00766,21216;48203
DB00767,19041
DB00768,135391
DB00769,
DB00770,598
DB00771,21232;48212
DB00772,6606
DB00773,4179
DB00774,5495
DB00775,73137
DB00776,32624
DB00777,8770
DB00778,9478
DB00779,7240
DB00780,8123
DB00781,388;8536
DB00782,8761;8762
DB00783,4083
DB00784,6693
DB00785,42618
DB00786,
DB00787,281
DB00788,7258
DB00789,25486
DB00790,54552
DB00791,10996
DB00792,10847
DB00793,26422
DB00794,8691
DB00795,9524
DB00796,135481
DB00797,10634
DB00798,1596450
DB00799,83947
DB00800,24853
DB00801,26412
DB00802,480
DB00803,2709
DB00804,3361
DB00805,30031
DB00806,8013
DB00807,34905
DB00808,5764
DB00809,10869
DB00810,1589
DB00811,9344
DB00812,8160
DB00813,4337
DB00814,41493
DB00815,9871
DB00816,7688
DB00817,35797
DB00818,8782;196459
DB00819,167
DB00820,358263
DB00821,20343
DB00822,3554;151358
DB00823,4170
DB00824,
DB00825,6750;236388
DB00826,7268
DB00827,2550
DB00828,4550
DB00829,3322
DB00830,8133
DB00831,10800
DB00832,33309
DB00833,2176;1450910
DB00834,6964
DB00835,1767
DB00836,6468
DB00837,34568
DB00838,21249
DB00839,10633
DB00840,27291
DB00841,3616
DB00842,7781
DB00843,135447
DB00844,7238
DB00845,2592
DB00846,4500
DB00847,3022
DB00848,6371
DB00849,6758
DB00850,8076
DB00851,3098
DB00852,8896
DB00853,37776
DB00854,6378
DB00855,683
DB00856,2399
DB00857,37801
DB00858,23678
DB00859,7975
DB00860,8638
DB00861,3393
DB00862,306674
DB00863,9143
DB00864,42316;235991
DB00865,1422
DB00866,597
DB00867,9392
DB00868,18993
DB00869,60207
DB00870,10255
DB00871,10368;10369
DB00872,302285
DB00873,237027
DB00874,5032
DB00875,4495
DB00876,83515
DB00877,35302
DB00878,2358
DB00879,276237
DB00880,2396
DB00881,35208
DB00882,2596
DB00883,6058
DB00884,55685;73056
DB00885,19551
DB00886,
DB00887,1808
DB00888,6674
DB00889,26237
DB00890,3368
DB00891,10188
DB00892,18889
DB00893,5992
DB00894,10378
DB00895,19079
DB00896,55681
DB00897,10767
DB00898,448
DB00899,73032
DB00900,3364
DB00901,19499;47187
DB00902,29648
DB00903,4109;62349
DB00904,26225
DB00905,283810
DB00906,31914
DB00907,2653
DB00908,9068
DB00909,39998
DB00910,73710
DB00911,10612
DB00912,73044
DB00913,17933
DB00914,8129
DB00915,620
DB00916,6922
DB00917,3478
DB00918,279645
DB00919,270
DB00920,6146
DB00921,1819
DB00922,73107
DB00923,20486
DB00924,21949
DB00925,8149
DB00926,4182
DB00927,4278
DB00928,1251
DB00929,42331
DB00930,141626
DB00931,6812
DB00932,190548
DB00933,6779
DB00934,6646
DB00935,7812
DB00936,9525
DB00937,3389
DB00938,36117
DB00939,6678;588003
DB00940,6821
DB00941,26826
DB00942,22037
DB00943,3363
DB00944,107771
DB00945,1191;91101
DB00946,8150
DB00947,282357
DB00948,6927
DB00949,24812
DB00950,87636
DB00951,6038
DB00952,141366
DB00953,88014
DB00954,23437
DB00955,7337
DB00956,5489;221107
DB00957,31994
DB00958,40048
DB00959,6902
DB00960,8332
DB00961,6759
DB00962,74667
DB00963,19737
DB00964,14845
DB00965,4125
DB00966,73494
DB00967,275635
DB00968,6876;1545996
DB00969,85248
DB00970,3100
DB00971,36345
DB00972,18603
DB00973,341248
DB00974,3755;1370600
DB00975,3521;203015
DB00976,274786
DB00977,4124
DB00978,28872
DB00979,3001
DB00980,596205
DB00981,8299
DB00982,6064
DB00983,25255
DB00984,7244;31495
DB00985,3444
DB00986,1546438
DB00987,3041
DB00988,3628
DB00989,183379
DB00990,258494
DB00991,32613
DB00992,337068
DB00993,1256;202559
DB00994,7299
DB00995,1227
DB00996,25480
DB00997,3639;142433
DB00998,228783
DB00999,5487
DB01000,2968
DB01001,435
DB01002,259453
DB01003,2921;42612
DB01004,4678
DB01005,5552
DB01006,72965
DB01007,38298
DB01008,1828
DB01009,6142
DB01010,3752
DB01011,6923;203002
DB01012,407990
DB01013,21245
DB01014,18747
DB01015,10180
DB01016,4815
DB01017,6980
DB01018,40114
DB01019,19257
DB01020,28004
DB01021,10772
DB01022,8308;11258
DB01023,4316
DB01024,7145;265323
DB01025,46307
DB01026,6135
DB01028,6857
DB01029,83818
DB01030,57308
DB01031,24474
DB01032,8698
DB01033,103;1546028
DB01034,
DB01035,8700
DB01036,119565
DB01037,9639
DB01038,
DB01039,8703
DB01040,
DB01041,10432
DB01042,6718
DB01043,6719
DB01044,228476;1546025
DB01045,9384
DB01046,623033
DB01047,4462
DB01048,190521
DB01049,4024
DB01050,5640
DB01051,7538
DB01053,7980
DB01054,7441
DB01055,
DB01056,42359
DB01057,89778
DB01058,8628
DB01059,7517
DB01060,723;1297882
DB01061,1266
DB01062,32675
DB01063,16735
DB01064,6054
DB01065,6711
DB01066,83682
DB01067,4821
DB01068,2598
DB01069,8745
DB01070,3429
DB01071,29528
DB01072,343047
DB01073,24698
DB01074,8050
DB01075,3498
DB01076,83367
DB01077,42682;1356715
DB01078,3248
DB01079,139778
DB01080,14851
DB01081,3500
DB01082,10109
DB01083,37925
DB01084,28144
DB01085,8328
DB01086,1399
DB01087,8687
DB01088,40138
DB01089,62174
DB01090,
DB01091,47461
DB01092,7762
DB01093,3455
DB01094,1314255
DB01095,41127
DB01096,7778
DB01097,27169
DB01098,301542
DB01099,4451;227633
DB01100,8331
DB01101,194000
DB01102,61609
DB01103,9061
DB01104,36437
DB01105,36514
DB01106,28627
DB01107,6910
DB01108,38668
DB01109,5224
DB01110,6932
DB01111,2708
DB01112,2194;11415
DB01113,7895
DB01114,2400;221074
DB01115,7417
DB01116,10828
DB01117,60212
DB01118,703
DB01119,3327
DB01120,4816
DB01121,33253
DB01122,623
DB01123,8723
DB01124,10635
DB01125,17941
DB01126,228790
DB01127,3743;142434
DB01128,83008
DB01129,114979;183877
DB01130,34369
DB01131,2382
DB01132,33738
DB01133,11476;57230
DB01134,
DB01135,49275
DB01136,20352
DB01137,82122;1546009
DB01138,10205
DB01139,2238
DB01140,2177;1545975
DB01141,325887
DB01142,3638
DB01143,4126;1545987
DB01144,3353
DB01145,
DB01146,23386
DB01147,2625
DB01148,4440;142437
DB01149,31565
DB01150,19552;1546020
DB01151,3247
DB01152,
DB01153,36435
DB01154,10464
DB01155,138099;402429
DB01156,42347
DB01157,42333
DB01158,19685
DB01159,5095
DB01160,23321
DB01161,20859
DB01162,37798
DB01163,626
DB01164,1901;1667640
DB01165,7623
DB01166,21107
DB01167,28031;202826
DB01168,8702
DB01169,18330
DB01170,5036
DB01171,30121
DB01172,6099;1727573
DB01173,7715
DB01174,8134
DB01175,321988
DB01176,2977
DB01177,5650
DB01178,2373
DB01179,8463
DB01180,9259
DB01181,5657
DB01182,8754
DB01183,7242
DB01184,3626
DB01185,4494
DB01186,8047
DB01187,5968
DB01188,21090
DB01189,27340
DB01190,2582;202862
DB01191,3268
DB01192,7814
DB01193,149
DB01194,194881
DB01195,4441
DB01196,4089
DB01197,1998
DB01198,40001
DB01199,10917
DB01200,1760
DB01201,35617;262139
DB01202,114477
DB01203,7226
DB01204,7005
DB01205,4457
DB01206,6466
DB01207,
DB01208,18469
DB01209,22713
DB01210,1813
DB01211,21212
DB01212,2193
DB01213,15226
DB01214,10824
DB01215,4077
DB01216,25025
DB01217,84857
DB01218,50749
DB01219,3105
DB01220,35619
DB01221,6130
DB01222,19831
DB01223,689
DB01224,51272;221153
DB01225,67108;221095
DB01226,30077
DB01227,237005
DB01228,42368
DB01229,56946
DB01230,7966
DB01231,23370
DB01232,83395;859857
DB01233,6915
DB01234,3264
DB01235,6375
DB01236,36453
DB01237,19759
DB01238,89013
DB01239,2406
DB01240,8814
DB01241,4719
DB01242,2597
DB01243,20875
DB01244,1436
DB01245,
DB01246,10825
DB01247,6011
DB01248,72962;1299922
DB01249,27729
DB01250,32385
DB01251,25793
DB01252,
DB01253,4021
DB01254,475342;1546019
DB01255,673579;700810
DB01256,642274
DB01257,591781
DB01259,480167
DB01260,3254
DB01261,593411;621590
DB01262,15657
DB01263,282446
DB01264,460132
DB01265,474128
DB01266,753346
DB01267,679314
DB01268,357977
DB01269,263034
DB01270,595060
DB01271,644101
DB01272,629565
DB01273,591622
DB01274,304962
DB01275,5470
DB01276,60548
DB01277,274403;616877
DB01278,139953
DB01279,578033
DB01280,274771
DB01281,614391
DB01282,
DB01283,
DB01284,2890
DB01285,376;1040019
DB01288,4333
DB01289,
DB01291,33767
DB01294,19478
DB01295,
DB01296,4845
DB01297,8620
DB01298,78902
DB01299,10173
DB01301,9462
DB01303,20976
DB01306,51428;352385
DB01307,139825
DB01309,400008
DB01319,358262
DB01320,72236
DB01321,6084
DB01322,285228
DB01323,258326;1310069
DB01324,8565
DB01325,59743
DB01326,2178;20473
DB01327,2180
DB01328,2183
DB01329,2184
DB01330,2187
DB01331,2189
DB01332,2192
DB01333,2239
DB01336,29950
DB01337,7883;7884
DB01338,33742
DB01339,71535
DB01340,21102
DB01341,
DB01342,
DB01344,1546436;1546437
DB01345,8588
DB01346,
DB01347,
DB01348,36908
DB01349,
DB01351,719
DB01352,17381
DB01353,19874
DB01354,
DB01355,5302
DB01356,6448;1546265
DB01357,6782
DB01359,7973
DB01362,5956
DB01363,
DB01364,3966
DB01365,6756
DB01366,34530
DB01367,134748
DB01369,229367
DB01370,1311504
DB01373,1895
DB01375,
DB01377,6582
DB01378,6574
DB01380,21655
DB01381,236809
DB01382,102848
DB01384,7910
DB01388,83213
DB01390,36676
DB01392,220982
DB01393,1525
DB01394,2683
DB01395,11636
DB01396,3403
DB01397,52364
DB01399,36108
DB01400,7315
DB01401,215799
DB01403,6852
DB01404,259470;259471;260038;325526;1370774
DB01405,37771
DB01406,3102
DB01407,2580
DB01408,18751
DB01409,69120
DB01410,274964
DB01411,
DB01412,10437
DB01413,20481
DB01414,
DB01415,20492
DB01416,20489
DB01418,154
DB01419,
DB01420,10382
DB01421,7934
DB01422,31901
DB01423,
DB01424,695
DB01425,17311
DB01426,423
DB01427,738
DB01428,32673
DB01429,1054
DB01430,528
DB01431,525
DB01432,2447
DB01433,6814
DB01434,
DB01435,1001
DB01436,12062
DB01437,4903
DB01438,8120
DB01439,
DB01440,1546380
DB01441,
DB01442,
DB01443,
DB01444,
DB01445,
DB01446,
DB01447,
DB01448,
DB01450,
DB01451,
DB01452,3304
DB01453,
DB01454,
DB01455,
DB01456,
DB01458,
DB01459,
DB01460,
DB01461,
DB01462,
DB01463,
DB01464,
DB01465,
DB01466,4166
DB01467,
DB01468,
DB01469,
DB01470,
DB01471,
DB01472,
DB01473,
DB01474,
DB01475,
DB01476,
DB01477,
DB01478,
DB01479,
DB01480,
DB01481,
DB01482,24840;236651
DB01483,1325
DB01484,
DB01485,
DB01486,8175;32022
DB01487,
DB01488,
DB01489,
DB01490,
DB01491,23405
DB01493,4162
DB01494,89808
DB01495,22892
DB01496,
DB01497,
DB01498,
DB01499,
DB01500,
DB01501,23024
DB01502,
DB01503,
DB01505,
DB01506,
DB01509,
DB01510,
DB01511,
DB01512,
DB01513,
DB01514,
DB01515,
DB01516,
DB01518,
DB01520,
DB01521,61686
DB01522,
DB01523,
DB01524,
DB01525,
DB01526,
DB01527,
DB01528,
DB01529,3290
DB01530,
DB01531,
DB01532,
DB01533,
DB01534,
DB01535,
DB01536,784
DB01537,
DB01538,
DB01539,
DB01540,
DB01541,
DB01542,
DB01543,
DB01544,4460
DB01545,24524
DB01546,
DB01547,
DB01548,
DB01549,
DB01550,24867
DB01551,23088
DB01552,
DB01553,21311
DB01554,
DB01555,
DB01556,
DB01557,
DB01558,1749
DB01559,2622
DB01560,
DB01561,784
DB01562,
DB01563,2344
DB01564,
DB01565,
DB01566,
DB01567,
DB01568,
DB01569,
DB01570,
DB01571,
DB01572,
DB01573,
DB01574,18516;133050
DB01575,6102;104100
DB01576,3288
DB01577,6816
DB01578,6920
DB01579,33272
DB01580,7801
DB01581,10176
DB01582,10178
DB01583,
DB01584,10565
DB01586,11065;62427
DB01587,28181
DB01588,8627
DB01589,35185
DB01590,141704
DB01591,322167
DB01592,90176;262150
DB01593,11416;1546264
DB01594,
DB01595,7440
DB01597,2540
DB01598,5690;1545986
DB01599,8699
DB01600,38253
DB01601,195088
DB01602,18687
DB01603,
DB01604,8372
DB01605,627
DB01606,37617
DB01607,10591
DB01608,8766
DB01609,614373
DB01610,275891
DB01611,5521
DB01612,742
DB01613,4040
DB01614,155
DB01615,161203
DB01616,17627
DB01618,7019
DB01619,33283
DB01620,8132
DB01621,8348
DB01622,10498
DB01623,10510
DB01624,114176
DB01625,89784
DB01626,7930
DB01627,6398
DB01628,307296
DB01629,
DB01630,
DB01631,
DB01632,
DB01633,
DB01634,
DB01635,
DB01636,
DB01637,
DB01638,9945
DB01639,
DB01640,
DB01641,
DB01642,
DB01643,
DB01644,
DB01645,25696
DB01646,
DB01647,
DB01648,
DB01649,
DB01650,
DB01651,
DB01652,
DB01655,
DB01656,1091836
DB01657,
DB01658,
DB01659,
DB01661,
DB01662,
DB01663,
DB01664,
DB01665,
DB01666,
DB01667,
DB01668,
DB01669,
DB01670,
DB01671,
DB01672,
DB01673,
DB01674,
DB01675,
DB01676,
DB01677,25389
DB01678,
DB01679,
DB01681,
DB01682,
DB01683,
DB01684,
DB01685,
DB01686,
DB01687,
DB01688,
DB01689,
DB01690,
DB01691,
DB01692,
DB01694,
DB01695,
DB01697,
DB01698,9500
DB01699,
DB01700,
DB01701,
DB01702,
DB01703,
DB01704,
DB01705,
DB01706,
DB01707,
DB01708,3143
DB01709,
DB01710,
DB01711,
DB01712,
DB01713,
DB01714,
DB01715,
DB01716,
DB01717,
DB01718,20614
DB01719,
DB01720,
DB01721,
DB01723,
DB01724,
DB01725,
DB01726,
DB01727,
DB01728,
DB01729,
DB01731,
DB01732,
DB01733,
DB01734,
DB01735,
DB01736,
DB01737,
DB01738,
DB01739,
DB01740,
DB01741,
DB01742,
DB01744,1952;1297880;1298738;1371994
DB01745,
DB01746,
DB01747,
DB01748,
DB01749,
DB01750,
DB01751,
DB01752,
DB01753,
DB01754,
DB01755,
DB01756,
DB01758,
DB01759,
DB01760,
DB01761,
DB01762,
DB01763,
DB01764,229369
DB01765,
DB01766,
DB01767,
DB01768,
DB01771,
DB01772,
DB01773,
DB01774,
DB01775,
DB01776,
DB01777,
DB01778,
DB01779,
DB01780,
DB01782,
DB01783,7891;62400
DB01784,
DB01785,
DB01786,
DB01788,
DB01789,
DB01790,
DB01791,
DB01792,
DB01793,
DB01794,
DB01795,
DB01796,
DB01797,
DB01798,
DB01799,
DB01800,
DB01802,
DB01803,
DB01804,
DB01805,
DB01806,
DB01807,
DB01808,
DB01809,
DB01810,
DB01811,
DB01812,
DB01813,
DB01814,
DB01815,
DB01816,
DB01817,
DB01818,
DB01819,
DB01820,
DB01821,
DB01822,
DB01823,
DB01824,
DB01825,
DB01826,
DB01827,
DB01828,
DB01829,
DB01830,
DB01831,
DB01832,
DB01833,
DB01834,
DB01835,
DB01836,
DB01837,
DB01838,
DB01839,34693
DB01840,
DB01841,
DB01842,
DB01843,
DB01844,
DB01846,
DB01847,
DB01849,
DB01850,
DB01851,
DB01852,
DB01853,
DB01854,
DB01855,
DB01856,
DB01857,
DB01858,
DB01859,
DB01860,
DB01861,
DB01862,
DB01863,
DB01864,
DB01865,
DB01866,
DB01868,
DB01870,
DB01871,
DB01872,
DB01873,
DB01874,
DB01875,
DB01876,
DB01877,
DB01878,18997
DB01879,
DB01880,1311397
DB01881,
DB01882,
DB01883,
DB01884,
DB01885,
DB01887,
DB01888,
DB01889,
DB01890,
DB01891,
DB01892,
DB01893,
DB01895,
DB01896,
DB01897,
DB01898,
DB01899,
DB01901,
DB01902,
DB01903,
DB01904,
DB01905,
DB01906,
DB01908,
DB01909,
DB01910,
DB01911,
DB01912,
DB01914,4850;349730
DB01915,
DB01917,
DB01918,
DB01919,
DB01920,
DB01921,
DB01922,
DB01923,
DB01924,
DB01925,
DB01926,
DB01927,
DB01929,
DB01930,
DB01931,
DB01932,
DB01933,
DB01934,
DB01935,
DB01936,
DB01937,
DB01938,
DB01939,
DB01940,
DB01941,
DB01942,4537;1362748
DB01944,
DB01945,
DB01946,
DB01947,
DB01948,
DB01949,
DB01950,
DB01951,
DB01952,
DB01953,
DB01954,
DB01955,
DB01956,10337
DB01957,
DB01958,
DB01959,
DB01960,
DB01961,
DB01962,
DB01963,
DB01964,
DB01965,
DB01966,
DB01967,
DB01968,
DB01969,
DB01970,
DB01971,
DB01972,
DB01973,
DB01974,
DB01975,
DB01976,
DB01977,
DB01978,
DB01979,
DB01980,
DB01981,
DB01982,
DB01983,
DB01984,
DB01985,
DB01986,
DB01987,10459
DB01988,
DB01989,
DB01990,
DB01991,
DB01992,1314344
DB01993,
DB01994,
DB01995,
DB01996,
DB01997,
DB01998,
DB01999,
DB02001,
DB02002,
DB02004,
DB02005,
DB02006,
DB02007,
DB02008,
DB02009,
DB02010,
DB02011,
DB02013,
DB02014,
DB02015,
DB02016,
DB02017,
DB02018,
DB02019,
DB02020,
DB02021,
DB02022,
DB02023,
DB02024,
DB02025,
DB02026,
DB02027,
DB02028,
DB02029,
DB02030,
DB02031,
DB02032,
DB02033,
DB02034,
DB02035,
DB02036,
DB02037,
DB02038,
DB02039,
DB02041,
DB02042,
DB02043,
DB02044,
DB02045,
DB02046,
DB02047,
DB02048,
DB02049,
DB02051,
DB02052,
DB02053,
DB02054,
DB02055,
DB02056,
DB02057,
DB02058,
DB02059,
DB02060,
DB02061,
DB02062,
DB02063,
DB02065,
DB02066,
DB02067,
DB02068,
DB02069,
DB02070,
DB02071,
DB02072,
DB02073,
DB02074,
DB02075,
DB02076,
DB02077,
DB02078,
DB02079,
DB02080,
DB02081,
DB02082,
DB02083,
DB02084,
DB02085,
DB02086,
DB02087,
DB02088,
DB02089,
DB02090,
DB02091,
DB02092,
DB02093,
DB02094,
DB02095,
DB02096,
DB02097,
DB02098,
DB02099,
DB02100,
DB02101,
DB02102,
DB02103,
DB02104,
DB02105,
DB02106,
DB02107,
DB02108,
DB02109,
DB02110,
DB02111,
DB02112,
DB02113,
DB02114,
DB02115,
DB02116,
DB02118,
DB02119,
DB02120,
DB02121,
DB02122,
DB02123,
DB02124,
DB02125,
DB02126,
DB02127,
DB02128,
DB02129,
DB02130,
DB02131,
DB02132,
DB02133,
DB02134,
DB02135,
DB02136,
DB02137,
DB02138,
DB02139,
DB02140,
DB02141,
DB02142,
DB02143,
DB02144,
DB02145,
DB02146,
DB02147,
DB02148,
DB02151,
DB02152,
DB02153,
DB02154,
DB02155,
DB02156,
DB02158,
DB02159,
DB02160,
DB02161,
DB02162,
DB02163,
DB02164,
DB02165,
DB02166,
DB02167,
DB02168,
DB02169,
DB02170,
DB02172,
DB02173,
DB02174,
DB02175,
DB02176,
DB02177,
DB02178,
DB02179,
DB02180,
DB02181,
DB02182,
DB02183,
DB02184,
DB02185,
DB02186,
DB02187,
DB02188,
DB02189,
DB02190,
DB02191,
DB02192,
DB02194,
DB02195,
DB02196,
DB02197,
DB02198,
DB02199,
DB02200,
DB02201,
DB02202,
DB02203,
DB02205,
DB02207,
DB02209,
DB02210,
DB02211,
DB02213,
DB02214,
DB02215,
DB02216,
DB02217,
DB02218,
DB02219,
DB02220,
DB02221,
DB02222,
DB02223,
DB02224,
DB02225,
DB02226,
DB02227,
DB02228,
DB02229,
DB02230,
DB02232,
DB02233,
DB02234,
DB02235,
DB02236,
DB02237,
DB02238,
DB02239,
DB02240,
DB02241,
DB02242,
DB02243,
DB02245,
DB02247,
DB02248,
DB02249,
DB02251,
DB02252,
DB02253,
DB02254,
DB02255,
DB02256,
DB02257,
DB02258,
DB02259,
DB02260,
DB02261,
DB02262,7712
DB02263,
DB02264,
DB02265,
DB02266,
DB02267,
DB02268,
DB02269,
DB02270,
DB02271,
DB02272,
DB02273,
DB02274,
DB02275,
DB02276,
DB02277,
DB02278,
DB02279,
DB02280,
DB02281,
DB02282,
DB02283,
DB02285,
DB02286,
DB02287,
DB02288,
DB02289,
DB02290,
DB02292,
DB02293,
DB02294,
DB02295,
DB02296,
DB02297,
DB02298,
DB02299,
DB02300,29365;216731
DB02301,
DB02302,
DB02303,
DB02304,
DB02305,
DB02306,
DB02307,
DB02308,
DB02309,
DB02310,
DB02311,
DB02312,
DB02313,
DB02314,
DB02315,
DB02316,
DB02317,
DB02318,
DB02319,
DB02320,
DB02321,
DB02322,
DB02323,
DB02324,
DB02325,797541
DB02326,
DB02327,
DB02328,
DB02329,
DB02331,
DB02332,
DB02333,
DB02334,
DB02335,
DB02336,
DB02337,
DB02338,
DB02339,
DB02340,
DB02341,
DB02342,
DB02343,
DB02345,
DB02346,
DB02347,
DB02348,
DB02349,
DB02350,
DB02352,
DB02353,
DB02354,
DB02355,
DB02356,
DB02357,
DB02358,
DB02359,
DB02360,
DB02361,
DB02362,74
DB02363,
DB02364,
DB02365,
DB02366,
DB02367,
DB02368,
DB02369,
DB02370,
DB02371,
DB02372,
DB02373,
DB02374,
DB02375,
DB02376,
DB02377,
DB02378,
DB02379,
DB02380,
DB02381,
DB02382,
DB02383,38386
DB02384,
DB02385,
DB02386,
DB02388,
DB02390,
DB02391,
DB02393,
DB02394,
DB02395,
DB02396,
DB02397,
DB02398,
DB02399,
DB02400,
DB02401,
DB02402,
DB02403,
DB02404,
DB02405,
DB02406,
DB02407,
DB02408,
DB02409,
DB02410,
DB02411,
DB02412,
DB02413,
DB02414,
DB02415,
DB02416,
DB02417,
DB02418,
DB02419,
DB02420,
DB02421,
DB02422,
DB02423,
DB02424,
DB02425,
DB02426,
DB02427,
DB02428,
DB02429,
DB02430,
DB02431,
DB02432,
DB02433,
DB02434,
DB02435,
DB02436,
DB02437,
DB02438,
DB02441,
DB02442,
DB02443,
DB02445,
DB02446,
DB02447,
DB02448,
DB02449,
DB02450,
DB02451,
DB02452,
DB02453,
DB02454,
DB02455,
DB02456,
DB02457,
DB02458,
DB02459,
DB02460,
DB02461,
DB02462,
DB02463,
DB02464,
DB02465,
DB02466,
DB02467,
DB02468,
DB02469,
DB02470,
DB02471,
DB02472,
DB02473,
DB02474,
DB02475,
DB02477,
DB02479,
DB02480,
DB02481,
DB02482,
DB02483,
DB02484,
DB02485,
DB02486,
DB02488,
DB02489,
DB02490,
DB02491,
DB02492,
DB02493,
DB02494,
DB02495,
DB02496,
DB02497,
DB02498,
DB02499,
DB02500,
DB02501,
DB02502,
DB02503,
DB02504,
DB02505,
DB02506,
DB02507,
DB02508,
DB02509,
DB02510,
DB02511,
DB02512,
DB02513,10553
DB02514,
DB02515,
DB02516,
DB02517,
DB02518,
DB02519,
DB02520,
DB02521,
DB02522,
DB02523,
DB02524,
DB02525,
DB02526,
DB02527,
DB02528,
DB02529,
DB02530,4617
DB02531,
DB02532,
DB02534,
DB02535,
DB02536,
DB02537,
DB02538,
DB02540,
DB02541,
DB02542,
DB02543,
DB02544,
DB02545,
DB02546,194337
DB02547,
DB02548,
DB02549,
DB02550,
DB02551,
DB02552,
DB02553,
DB02554,
DB02555,
DB02556,
DB02557,
DB02558,
DB02559,
DB02560,
DB02561,
DB02562,
DB02563,
DB02565,
DB02566,
DB02567,
DB02568,
DB02569,
DB02570,
DB02571,
DB02572,
DB02573,
DB02574,
DB02576,
DB02577,
DB02578,
DB02579,
DB02580,
DB02581,
DB02582,
DB02583,
DB02585,
DB02586,
DB02587,
DB02588,
DB02589,
DB02590,
DB02591,
DB02592,
DB02593,
DB02594,
DB02595,
DB02596,
DB02597,
DB02598,
DB02599,
DB02600,
DB02601,
DB02602,
DB02603,
DB02604,
DB02606,
DB02607,
DB02608,
DB02609,
DB02610,
DB02611,
DB02613,
DB02614,
DB02615,
DB02616,
DB02617,
DB02618,
DB02619,
DB02620,
DB02621,
DB02622,
DB02623,
DB02624,
DB02625,
DB02626,
DB02627,
DB02628,
DB02629,
DB02630,
DB02632,
DB02633,
DB02635,
DB02636,
DB02637,
DB02638,57048
DB02639,
DB02640,
DB02641,
DB02642,
DB02643,
DB02644,
DB02645,
DB02646,
DB02647,
DB02648,
DB02649,
DB02650,
DB02651,
DB02652,
DB02654,
DB02655,
DB02656,
DB02657,
DB02658,
DB02659,1440856
DB02660,
DB02661,
DB02662,
DB02663,
DB02664,
DB02665,
DB02666,
DB02667,
DB02668,
DB02669,
DB02670,
DB02671,
DB02673,
DB02674,
DB02675,
DB02676,
DB02677,
DB02678,
DB02679,
DB02680,
DB02681,
DB02683,
DB02684,
DB02685,
DB02686,
DB02688,
DB02689,
DB02690,
DB02691,1426482
DB02693,
DB02694,
DB02695,
DB02696,
DB02697,
DB02698,
DB02699,
DB02700,
DB02701,7405
DB02702,
DB02703,4608;113608
DB02704,
DB02705,
DB02706,
DB02707,
DB02709,1000492
DB02710,
DB02711,
DB02712,
DB02713,
DB02714,
DB02715,
DB02716,
DB02717,
DB02719,
DB02720,
DB02721,
DB02722,
DB02723,
DB02724,
DB02725,
DB02726,
DB02727,
DB02728,
DB02729,
DB02730,
DB02731,
DB02732,
DB02733,
DB02734,
DB02735,
DB02736,
DB02738,
DB02740,
DB02741,
DB02742,
DB02743,
DB02744,
DB02745,11017
DB02746,
DB02747,
DB02749,
DB02831,
DB02925,33770
DB03147,1314412
DB03166,164;168
DB03614,29421
DB03754,10865
DB03766,34658
DB03783,8113
DB03904,11002
DB04165,
DB04272,21183;221946
DB04441,
DB04485,1372538
DB04540,2438
DB04570,7069
DB04571,10844
DB04572,10473
DB04573,4094
DB04574,
DB04575,9066
DB04729,
DB04743,53694
DB04816,22293
DB04818,5981
DB04819,6822
DB04822,32626
DB04824,155122;314784
DB04826,
DB04828,39994
DB04829,
DB04832,
DB04834,262100
DB04835,620216
DB04838,2970
DB04839,22054
DB04841,4459
DB04842,4507
DB04843,107770
DB04844,10390
DB04845,337523
DB04846,20498
DB04854,73689
DB04861,31555
DB04868,662281
DB04876,596554
DB04877,
DB04878,
DB04890,863035
DB04895,498509;594119
DB04896,588250
DB04899,19666
DB04903,
DB04918,
DB04924,
DB05109,1716278
DB05197,
DB05245,9793
DB05246,47858
DB05259,84375
DB05265,
DB05266,
DB05271,616739
DB05382,5933
DB05791,
DB06144,41996
DB06147,10193
DB06148,6929
DB06150,10172
DB06151,197
DB06154,7992
DB06155,
DB06201,69036
DB06204,787390
DB06207,720825
DB06209,613391
DB06211,119771
DB06212,358257
DB06216,784649
DB06218,623400
DB06228,1114195
DB06243,569
DB06255,
DB06262,1489913
DB06268,
DB06274,480639;1516803
DB06283,68503
DB06285,32915
DB06287,657797
DB06288,46303
DB06335,857974;1546030
DB06403,358274
DB06410,11516
DB06412,7813
DB06414,475969
DB06486,
DB06605,1364430
DB06623,25193
DB06626,1242999
DB06689,24460
DB06690,7486
DB06691,9009
DB06692,1056;353110
DB06694,39841
DB06695,1037042
DB06696,26397
DB06697,18343
DB06698,1511
DB06699,475230
DB06700,734064
DB06701,352372
DB06702,797195
DB06703,84990
DB06705,1364289;1364290
DB06706,27946
DB06707,132889
DB06708,847728
DB06710,6904
DB06711,7247
DB06712,53692
DB06713,326374
DB06715,8597
DB06717,1731071
DB06723,612;81948
DB06724,1897;349908
DB06725,20890
DB06730,25734
DB06731,
DB06736,16689
DB06737,
DB06742,625
DB06748,
DB06749,
DB06750,
DB06756,1512;350374
DB06766,1000082
DB06768,215247
DB06769,134547
DB06772,996051
DB06774,1992
DB06777,2323;42588
DB06780,258333
DB06781,23043
DB06783,24902;539399
DB06785,35825
DB06788,50975
DB06791,68092
DB06800,29899
DB06802,298665
DB06811,968170
DB06812,8611
DB06813,662019
DB06817,719872
DB06825,38782
DB06826,1546408
DB07477,
DB07615,57330
DB08215,
DB08794,
DB08795,18609
DB08796,33740
DB08797,9518
DB08798,10183;10207
DB08799,865
DB08800,20861
DB08801,3449
DB08802,28012
DB08803,
DB08804,31494
DB08806,35803
DB08807,19605
DB08808,1817
DB08811,38365
DB08818,5463;62372;258347
DB08826,11645
DB08836,
DB08860,861634
DB08887,1304974
DB08906,705022
DB08922,
DB08947,5966
DB08954,27403
DB08958,5301
DB08961,18651
DB08979,4335
DB08985,4169
DB08990,24272
DB08992,
DB08995,3489
DB09000,21877
DB09002,
DB09009,592464
DB09017,19790
DB09018,19768
DB09020,1596
DB09022,18880
DB09026,325646
DB09064,21149
DB09069,10826
DB09070,38260
DB09084,1425
DB09089,10819
DB09090,33724
DB09096,1418
DB09104,6581
DB09110,1546354
DB09125,54993
DB09133,5970;1546451
DB09134,27792
DB09135,27793
DB09140,7806
DB09146,24909;1484283
DB09152,7456
DB09153,9863
DB09154,56466;1310549
DB09156,27781
DB09161,1482913
DB09166,
DB09167,3634
DB09204,
DB09210,8351
DB09211,
DB09212,28908
DB09220,31748
DB09221,
DB09224,29961
DB09225,40003
DB09230,
DB09231,
DB09232,
DB09236,28382
DB09238,29275
DB09241,6878
DB09242,30257
DB09256,4582
DB09267,
DB09268,1546457
DB09270,21406
DB09282,7023
DB09285,30225
DB09286,33739
DB09287,8516;221147;1310594;1314384
DB09289,38252
DB09290,
DB09300,1085787
DB09301,2473
DB09313,1426458
DB09321,11423
DB09322,39954
DB09323,7982
DB09324,10167
DB09327,466977
DB09357,22701
DB09389,7518
DB09401,6057
DB09460,36685
DB09462,4910
DB09477,3829;1545989
DB09481,29155
DB09512,9796
DB11059,2062;491498
DB11089,71722;82000;82003
DB11093,47613
DB11094,11253
DB11095,114934
DB11110,52356
DB11119,9884
DB11129,47686
DB11135,9641
DB11136,2496
DB11150,1331
DB11171,24913
DB11190,32863
DB11231,29008
DB11255,59308
DB11315,89785
DB11365,36387
DB11616,33764
DB11641,
DB11656,
DB11675,135091
DB11699,27392
DB11735,4626
DB11738,55679
DB11742,23796
DB11750,2590
DB11774,
DB11783,60245
DB11868,
DB11890,
DB11921,22396
DB11935,
DB12091,1310171
DB12092,
DB12160,
DB12163,
DB12243,1921877
DB12248,38967
DB12278,55175
DB12293,7285
DB12319,1385
DB12395,
DB12478,8353
DB12492,8354
DB12532,
DB12537,
DB12554,29410
DB12598,
DB12617,
DB12661,39230
DB12712,
DB12752,
DB12770,
DB12831,
DB12833,
DB12863,
DB12877,54236
DB12930,7674
DB12958,55244
DB13025,10588
DB13028,
DB13056,
DB13064,38453
DB13136,50097
DB13145,
DB13169,7244
DB13179,10864
DB13231,47622
DB13295,1218
DB13514,
DB13643,
DB13682,27130
DB13694,
DB13751,26143
DB13783,16695
DB13853,820
DB13867,41126
DB13872,28894
DB13919,
DB13943,835827
DB13944,37859
DB13954,1000146
DB13956,24395
DB13987,37175
DB14003,39625;317841;1046243;1114513
DB14028,3155
DB14090,
DB14098,
DB14126,
DB14151,
DB14154,
